"result #"	"search engine"	query	"article title"	"article url"	"article description"	"total nr of results (best guess)"
0	google	Palestina	"Prefeitura Municipal de Palestina"	https://www.palestina.sp.gov.br/	"Acesso Fácil · Atos Oficiais · Covid-19 · Despesa Detalhada · Diversos · Execução Orçamentária · Gestão Pessoal · Prestação de Contas · Licitações. Parecer ..."	0
1	google	Palestina	Palestina	https://rsf.org/pt-br/pais/palestina	"A Palestina tornou-se o país mais perigoso do mundo para profissionais da mídia, com mais de 220 repórteres assassinados em Gaza pelo Exército israelense, ..."	0
2	google	Palestina	"Palestina - MSF Brasil"	https://www.msf.org.br/o-que-fazemos/projetos-msf/palestina/	"Em 2024, as equipes de MSF ampliaram suas atividades na Palestina para prestar assistência às pessoas feridas e deslocadas pela guerra brutal de Israel em ..."	0
3	google	Palestina	"Palestina (região) – Wikipédia, a enciclopédia livre"	https://pt.wikipedia.org/wiki/Palestina_(regi%C3%A3o)	"É habitada desde a Antiguidade e disputada por diversos impérios ao longo da historia, por se tratar de uma região de passagem importante entre África, Ásia e ..."	0
4	google	Palestina	"notícias sobre o território palestino - Folha - UOL"	https://www1.folha.uol.com.br/folha-topicos/palestina/	"A Palestina é um território localizado no Oriente Médio, composto pela Faixa de Gaza e a Cisjordânia. A região luta pelo reconhecimento de um Estado ..."	0
5	google	Palestina	"Federação Árabe Palestina (@fepal_brasil)"	https://www.instagram.com/fepal_brasil/	"328K followers · 248 following · 4479 posts · @fepal_brasil: “Entidade representante da comunidade palestina no Brasil. ”"	0
6	google	Palestina	"A Questão Palestina - Roteiro de Estudos"	https://www.curso-objetivo.br/vestibular/roteiro_estudos/questao_palestina.aspx	"A Palestina foi conquistada pelos hebreus ou israelitas (mais tarde também conhecidos como judeus) por volta de 1200 a.C., depois que aquele povo se retirou do ..."	0
7	google	Palestina	"Estado da Palestina — Ministério das Relações Exteriores"	https://www.gov.br/mre/pt-br/assuntos/relacoes-bilaterais/todos-os-paises/estado-da-palestina	"1 de jan. de 2016 — Em dezembro de 2010, o Brasil reconheceu o Estado da Palestina nas fronteiras de 1967, o que inclui a Faixa de Gaza e a Cisjordânia, tendo ..."	0
8	google	Palestina	Palestina	https://www.youtube.com/playlist?list=PLUZOt6bFc2fiItQbiVzi1bCYR0-MUzAVY	"Agência da ONU para refugiados da Palestina lança campanha de doações ... Israel-Palestina: ""Não há plano B para a solução de dois Estados"". ONU Brasil."	0
9	google	Palestina	"Apoio à integração da Palestina na ONU"	https://www2.camara.leg.br/atividade-legislativa/comissoes/comissoes-permanentes/cdhm/noticias/apoio-a-integracao-da-palestina-na-onu-e-solidariedade-ao-povo-palestino	"A solicitação à ONU será feita em setembro próximo pela Organização para a Libertação da Palestina (OLP), reconhecida internacionalmente como única e."	0
10	google	Palestina	"Viver e trabalhar em território ocupado: a Palestina e seu ..."	https://www.scielo.br/j/ccrh/a/hFRCsBMSxfCmjyQjhF67pwJ/?lang=pt	"de AMM Montenegro · 2007 · Citado por 4 — A Palestina e seu povo sobrevivem desde 1967, apesar de tudo o que tem dilacerado seu tecido social, econômico e institucional, em Gaza como na Cisjordânia, ..."	0
11	google	Palestina	Palestina	https://cidades.ibge.gov.br/brasil/al/palestina	"Conheça o perfil das cidades brasileiras, através de infográficos, mapas e outras informações sobre temas relevantes, como Censo, PIB, IDH e IDEB (cidade: ..."	0
12	google	Palestina	"Palestina após 7 de outubro: Direito Internacional ..."	https://www.ipea.gov.br/revistas/index.php/rtm/Palestina	"Durante décadas, a questão palestina recebeu um tratamento excepcional, representando uma falha estrutural profunda na ordem internacional do pós‑1945. O ..."	0
13	google	Palestina	"MPPM - Palestina"	https://www.mppm-palestina.org/	"MPPM exige libertação dos presos palestinos detidos por Israel. Assinala-se hoje, 17 de Abril, o Dia dos Presos Palestinos, instituído em 1974 pelo Conselho ..."	0
14	google	Palestina	"Palestina mais perto do que nunca de ser reconhecida ..."	https://www.youtube.com/watch?v=jCndfr2UKsM	"Nas últimas semanas, líderes de países ricos e influentes, como Reino Unido, França, Austrália e Canadá anunciaram o reconhecimento oficial ..."	0
15	google	Palestina	"O que significa o reconhecimento do Estado da Palestina"	https://www.cnnbrasil.com.br/internacional/o-que-significa-o-reconhecimento-do-estado-da-palestina-entenda/	"22 de set. de 2025 — A Organização para a Libertação da Palestina (OLP) declarou um Estado palestino independente em 1988, e a maior parte do Sul global o reconheceu ..."	0
16	google	Palestina	Palestina	https://www.acn.org.br/palestina/	"Os palestinos são, na sua maioria, muçulmanos sunitas, mas existe uma comunidade cristã autóctone de cerca de 40.000 a 50.000 pessoas (cerca de 9.000 a 10.000 ..."	0
17	google	Palestina	"Palestina, uma história milenar que o sionismo tenta ..."	https://ihu.unisinos.br/categorias/650005-palestina-uma-historia-milenar-que-o-sionismo-tenta-apagar-artigo-de-francisco-f-ladeira	"29 de mar. de 2025 — Sob o Império Otomano, “Palestina” foi usada tanto como um termo geral para descrever o país predominantemente árabe muçulmano quanto como um ..."	0
18	google	Palestina	"Palestina - Agência Brasil - EBC"	https://agenciabrasil.ebc.com.br/tags/palestina	"Direitos Humanos Ativista brasileiro é deportado da Argentina por ordem de Milei. ter, 31/03/2026 - 21:11. Israel""s far-right National Security Minister ..."	0
19	google	Palestina	"Ativistas brasileiros da Global Sumud Flotilla chegaram ao ..."	https://www.instagram.com/reel/DX9a1D7Cak0/	"A flotilha estava a mais de 1.200 km da Palestina e ainda não há notícias dos ativistas sequestrados. Todo apoio e solidariedade à Flotilha!"	0
20	google	Palestina	Palestina	https://oglobo.globo.com/tudo-sobre/pais/palestina/	"A Palestina é uma região localizada no Oriente Médio. Historicamente foi ocupada por diversos povos, como árabes e judeus, além de cristãos. No entanto, a ..."	0
21	google	Palestina	"Israel & Palestina - BBC News Brasil"	https://www.bbc.com/portuguese/topics/c5qvpqydjk0t	"Israel &amp; Palestina · Cessar-fogo entre Líbano e Israel é prorrogado por três semanas, diz Trump · Nova lei em Israel prevê pena de morte a palestinos envolvidos ..."	0
22	google	Palestina	"Notícias sobre Palestina"	https://www.gazetadopovo.com.br/tudo-sobre/palestina/	"Israel critica composição do conselho de Gaza, para o qual Lula foi convidado · Trump anunciou o Conselho da Paz em Gaza, com Milei, Erdogan e Al-."	0
23	google	Palestina	"Israel quer inviabilizar o Estado palestino"	https://www.estadao.com.br/opiniao/israel-quer-inviabilizar-o-estado-palestino/?srsltid=AfmBOoqNmDmwDUuZNvs5bM9B2fvV4v2rZQNS1QKaxXJgdcCC4lUwc5uv	"há 3 dias — A Autoridade Palestina é esclerosada, corrupta e incapaz de oferecer um projeto político convincente. O Hamas infligiu aos palestinos uma ..."	0
24	google	Palestina	"Palestina: Uma Terra em Conflito"	https://www.primevideo.com/-/pt/detail/0KVRW4FN3BV3XXXDTHXKAX8PEK	"Em algum lugar da Cisjordânia, Chaim, um soldado israelense, é ferido e perde a memória. Ao ser encontrado numa aldeia, acaba confundido com um jovem ..."	0
25	google	Palestina	"Israel diz 'evitar' judeus e atirar contra palestinos na Cisjordânia"	https://operamundi.uol.com.br/guerra-israel-x-palestina/exercito-de-israel-diz-evitar-civis-judeus-e-atirar-contra-palestinos-que-protestam-na-cisjordania/	"há 1 dia — Segundo chefe das IDF, matar moradores por suspeita de ""terrorismo"" é legítimo; em três anos, 1,5 mil foram assassinados na região."	0
26	google	Palestina	"Brasil presidirá discussão sobre a criação do Estado da ..."	https://www.cnnbrasil.com.br/politica/brasil-presidira-discussao-sobre-a-criacao-do-estado-da-palestina-na-onu/	"20 de mai. de 2025 — Brasil presidirá discussão sobre a criação do Estado da Palestina na ONU. Conferência deve acontecer em junho deste ano; Senegal atuará junto ao ..."	0
27	google	Palestina	"Palestina | Amazon.com.br"	https://www.amazon.com.br/Palestina-Joe-Sacco/dp/6586691400	"Marco na história das narrativas gráficas, Palestina, de Joe Sacco, é o livro que redefiniu as bases do gênero “jornalismo em quadrinhos”."	0
28	google	Palestina	"Palestina: capitais, mapa, bandeira, história - Mundo Educação"	https://mundoeducacao.uol.com.br/geografia/palestina.htm	"A Palestina é uma região localizada no Oriente Médio. Historicamente foi ocupada por diversos povos, como árabes e judeus, além de cristãos."	0
29	google	Palestina	"Nossa História"	https://www.palestina.sp.gov.br/paginas/dados-gerais	"Conforme consta nos registros históricos do município, Palestina foi fundada pelo espanhol Valentim Álvares, em 1º de janeiro de 1922, quando na casa de ..."	0
30	google	Palestina	"Thiago Ávila, ativista pela Palestina e de extrema ..."	https://www.instagram.com/reel/DX7Q1UJBmv1/	"O Ativista Humanitário brasileiro Thiago Ávila tá sendo torturado pelo exército de Israel, depois de ser sequestrado tentando levar comida, água ..."	0
31	google	Palestina	"Palestina em EL PAÍS Brasil"	https://brasil.elpais.com/noticias/palestina/	"Todas as notícias sobre Palestina publicadas em EL PAÍS Brasil. Informações, notícias e último minuto sobre Palestina."	0
32	google	Palestina	"UNRWA | United Nations Relief and Works Agency for ..."	https://www.unrwa.org/	"The United Nations Relief and Works Agency for Palestine Refugees in the Near East (UNRWA) is a relief and human development agency. UNRWA is funded almost ..."	0
33	google	Palestina	"O que é a Palestina?"	https://www.ihu.unisinos.br/categorias/640778-o-que-e-a-palestina	"27 de jun. de 2024 — Hoje, a Palestina é Gaza, uma região em ruínas governada por um grupo terrorista, e 165 “ilhas” na Cisjordânia com autogoverno limitado e ..."	0
34	google	Palestina	"Quatro ativistas pró-Palestina são condenados no Reino ..."	https://www.correiodopovo.com.br/not%C3%ADcias/sa%C3%BAde/quatro-ativistas-pro-palestina-sao-condenados-no-reino-unido-por-acao-contra-empresa-de-armas-israelense-1.1710960	"há 42 minutos — Em agosto de 2024, integrantes do Grupo Palestine Action foram presos por invasão e depredação na fábrica da Elbit Systems, em Bristol."	0
35	google	Palestina	"Comunicado Conjunto sobre a Palestina - Portal Gov.br"	https://www.gov.br/mre/pt-br/centrais-de-conteudo/publicacoes/declaracoes/comunicado-conjunto-sobre-a-palestina	"23 de fev. de 2026 — As mudanças são de amplo alcance, reclassificando terras palestinas como supostas “terras estatais” israelenses, acelerando a atividade ilegal ..."	0
36	google	Palestina	"Defensores da causa palestina denunciam violações do ..."	https://www.camara.leg.br/noticias/1175163-defensores-da-causa-palestina-denunciam-violacoes-do-direito-internacional-e-pedem-justica-para-palestinos/	"2 de jul. de 2025 — Sessão solene na Câmara dos Deputados lembra os 77 anos da desapropriação das terras de palestinos."	0
37	google	Palestina	"Refugiada palestina fabrica bonecas para crianças de Gaza"	https://www.correiobraziliense.com.br/mundo/2026/05/7412167-refugiada-palestina-fabrica-bonecas-para-criancas-da-faixa-de-gaza.html	"há 19 horas — O sonho de Shereen é montar um ateliê e dar oportunidade de emprego para outras palestinas, além de popularizar as bonecas na Faixa de Gaza."	0
38	google	Palestina	"Questão Palestina: o que é, causas, resumo - Brasil Escola"	https://brasilescola.uol.com.br/geografia/questao-palestina.htm	"Questão Palestina é o nome dado ao movimento do povo palestino em busca da criação de um Estado nacional da Palestina. Teve início há mais de sete décadas."	0
39	google	Palestina	"Ativista brasileiro escreve a Teresa sobre Palestina ..."	https://www.facebook.com/Brasil247/posts/ativista-brasileiro-escreve-a-teresa-sobre-palestina-inf%C3%A2ncia-e-o-impacto-da-ofe/1448333210673292/	"Ativista brasileiro escreve a Teresa sobre Palestina, infância e o impacto da ofensiva israelense contra crianças em Gaza."	0
40	google	Palestina	"o legítimo direito de um povo à liberdade Palestina"	https://www.al.sp.gov.br/noticia/?id=292702	"27 de jul. de 2001 — Cidade sagrada para muçulmanos, cristãos e judeus, Jerusalém é símbolo da resistência dos palestinos contra a opressão israelense."	0
41	google	Palestina	Palestina	https://www.cnnbrasil.com.br/tudo-sobre/palestina/	"Muçulmanos palestinos entram na Mesquita de Al‑Aqsa, reaberta após 40 dias fechada devido · Internacional · Mesquita de Al-Aqsa reabre em Jerusalém após ..."	0
42	google	Palestina	"A polêmica sobre livros didáticos desencadeia voto para ..."	https://www.reddit.com/r/geopolitics/comments/1t4efpx/textbook_row_triggers_vote_to_suspend_eu_funds_to/?tl=pt-br	"A polêmica sobre livros didáticos desencadeia voto para suspender os fundos da UE aos palestinos | O jihad é um dever religioso contemporâneo ..."	0
43	google	Palestina	"Brasil deverá receber sete palestinos que vivem em Gaza"	https://www.youtube.com/watch?v=RPI89Ki-4zg	"O Brasil deverá receber sete palestinos que vivem hoje na Faixa de Gaza e que estão em processo de imigração. Eles serão trazidos no voo da ..."	0
44	google	Palestina	"Ativista brasileiro pró-Palestina sofre tortura por Israel"	https://www.brasil247.com/mundo/ativista-brasileiro-pro-palestina-sofre-tortura-por-israel	"há 3 dias — Ativista brasileiro pró-Palestina sofre tortura por Israel · Thiago Ávila foi sequestrado por Israel enquanto integrava a Flotilha Global Sumud."	0
45	google	Palestina	Palestina	https://pt.euronews.com/tag/palestina	"Ataques israelitas matam pelo menos 30 pessoas em Gaza. Os ataques atingiram locais no norte e no sul de Gaza, incluindo um edifício de apartamentos na cidade ..."	0
46	google	Palestina	"Autoridade Nacional Palestiniana"	https://pt.wikipedia.org/wiki/Autoridade_Nacional_Palestiniana	"A Autoridade Nacional Palestiniana ou Palestina (ANP ou AP; em árabe: السلطة الوطنية الفلسطينية, transl. As-Sulta Al-Wataniyya Al-Filastiniyya; em hebraico: ..."	0
47	google	Palestina	Palestina	https://pt.wikivoyage.org/wiki/Palestina	"Os territórios palestinos, também conhecidos como Palestina ou Estado da Palestina, consistem em duas entidades fisicamente separadas, a Cisjordânia e a Faixa ..."	0
48	google	Palestina	"Palestina: Últimas Notícias"	https://gauchazh.clicrbs.com.br/ultimas-noticias/tag/palestina/	"Governo do país asiático negou vistos e afirmou que ""não manterá qualquer contato com Israel até que Israel reconheça a existência de uma Palestina livre e ..."	0
49	google	Palestina	"30 CURIOSIDADES SOBRE A PALESTINA - Países #86"	https://www.youtube.com/watch?v=wz2h-W6YhB8	"Olá! No vídeo de hoje vamos conhecer um pouco mais sobre a Palestina, uma nação parcialmente reconhecida e que possui muitos problemas, ..."	0
50	google	Palestina	"Forças de ocupação israelense agrediram uma família ..."	https://www.instagram.com/reel/DX7ezIzB-PG/	"Forças de ocupação israelense agrediram uma família palestina e a expulsaram à força de sua casa na aldeia de Al-Deirat, em Masafer Yatta, ..."	0
51	google	Palestina	"Israel prorroga detenção de ativista brasileiro pró-Palestina"	https://www.gazetadopovo.com.br/mundo/israel-prorroga-detencao-de-ativista-brasileiro-pro-palestina/	"há 2 dias — Um tribunal de Israel autorizou, neste domingo (3), prorrogar por mais dois dias a detenção do brasileiro e ativista radical pró-Palestina ..."	0
52	google	Palestina	"Thiago Ávila (@thiagoavilabrasil)"	https://www.instagram.com/thiagoavilabrasil/	"Saif Abukeshek, in particular, being on the observer boat, had no intention to go to Gaza. They are now illegaly detained in occupied Palestine and tortured. We ..."	0
53	google	Palestina	"Defense for Children Palestine"	https://www.dci-palestine.org/	"Our mission is to promote and protect the human rights of Palestinian children. We defend children""s rights three ways: offering free legal aid, ..."	0
54	google	Palestina	"Palestina: onde fica, capital, demografia e conflito com Israel"	https://aprovatotal.com.br/palestina/	"O contexto palestino e sua existência são marcados por uma história de dominação e resistência; aprenda sobre seu território, seu clima, sua economia e ..."	0
55	google	Palestina	"8 perguntas para entender o longo conflito entre ..."	https://www.youtube.com/watch?v=hcnssIoUH9A	"... palestina #hamas #orientemedio Capítulos: 00:00 - Introdução 00:34 - Como começou o conflito entre Israel e palestinos? 03:23 - Por que ..."	0
56	google	Palestina	Palestina	https://www.metropoles.com/tag/palestina	"Tudo sobre política, saúde, justiça, comportamento, entretenimento. Confira os fatos mais relevantes do país e do mundo em tempo real e de graça."	0
57	google	Palestina	"Israel e Palestina: o contexto histórico - Superinteressante"	https://super.abril.com.br/historia/israel-e-palestina-o-contexto-historico/	"17 de nov. de 2023 — Há cinco mil anos, Canaã (área onde hoje ficam Israel e os territórios palestinos) estava bem no meio dos quatro primeiros impérios da ..."	0
58	google	Palestina	"Terreno Padrão em Palestina"	https://sp.olx.com.br/regiao-de-sao-jose-do-rio-preto/terrenos/terreno-padrao-em-palestina-1499349640	"há 15 horas — Código do anúncio: U13195 Jardim do Bosque II - Lotes a prazo em Palestina-SP. Parcelamento direto com a construtora e sem burocracia. ref."	0
59	google	Palestina	"Palestina - Notícias, vídeos e tudo sobre - Band"	https://www.band.com.br/tudo-sobre/palestina	"Últimas notícias sobre Palestina · Palestinos vão às urnas na Faixa de Gaza pela primeira vez em 20 anos · ONU condena lei de Israel que prevê pena de morte ..."	0
60	google	Palestina	"Palestina: o que é, onde fica, capital, origem e população"	https://www.significados.com.br/palestina/	"Palestina é o nome dado a uma região geográfica no Oriente Médio, que atualmente se concentra em duas áreas: a Faixa de Gaza e a Cisjordânia."	0
61	google	Palestina	"Sem Hamas, aliados de Abbas vencem eleições na Palestina"	https://operamundi.uol.com.br/oriente-medio/sem-hamas-na-disputa-fatah-obtem-maioria-em-eleicao-historica-na-palestina/	"26 de abr. de 2026 — Sem o Hamas na disputa, os partidos aliados de Mahmoud Abbas, presidente da Autoridade Nacional Palestina (ANP), obtiveram a maioria dos ..."	0
62	google	Palestina	"Palestina - Infopédia"	https://www.infopedia.pt/artigos/$palestina	"Região do Médio Oriente, também conhecida por Judeia e Terra Santa, encontra-se historicamente ligada às religiões judaica, cristã e islâmica."	0
63	google	Palestina	"Quem governa a Palestina? Entenda qual é a situação da ..."	https://www.brasilparalelo.com.br/noticias/quem-governa-a-palestina-entenda-qual-e-a-situacao-da-regiao	"27 de mai. de 2024 — Atualmente, há 143 países que reconhecem a Palestina como Estado Nacional desde 1988; muitos desses países, inclusive o Brasil, baseiam seu ..."	0
64	google	Palestina	"Palestine Monetary Authority | Ensuring Monetary and ..."	https://www.pma.ps/	"سلطة النقد الفلسطينية مؤسسة عامة مستقلة، مسؤولة عن تنظيم والإشراف على القطاع المصرفي ورسم وتنفيذ السياسات النقدية، بما يهدف إلى تعزيز الاستقرار النقدي والمالي ..."	0
65	google	Palestina	"Republicamos vídeo de Lara Souza, esposa de Thiago ..."	https://www.instagram.com/reel/DX5i_p-Sx_Y/	"Estamos com você, Lara! Liberdade já para Thiago, Saif e os mais de 9 mil presos palestinos das masmorras israelenses! Palestina livre do rio ao ..."	0
66	google	Palestina	"Palestinos – Wikipédia, a enciclopédia livre"	https://pt.wikipedia.org/wiki/Palestinos	"Seu idioma é o árabe, possuindo um dialeto local, e a religião predominante é o islamismo sunita, mas existe uma importante minoria cristã. Boa parte dos ..."	0
67	google	Palestina	"Israel x Palestina: conflito ultrapassa fronteiras e desafia ..."	https://unifor.br/-/israel-x-palestina-conflito-ultrapassa-fronteiras-e-desafia-cenario-global	"6 de jan. de 2025 — Ao longo do século, os conflitos entre Israel e Palestina têm resultado em centenas de mortes e deslocamentos forçados. Os ataques em Gaza e em ..."	0
68	google	Palestina	"Notícias sobre a Palestina"	https://www.estadao.com.br/tudo-sobre/palestina-asia/?srsltid=AfmBOopg1UBl1WCLdug6wARClqE192Dx0pmTN7m7FkLaXDDb5ZjtWHOI	"A Palestina é uma região historicamente associada a um povo e um território no Oriente Médio. Ela tem sido o centro de um longo e complexo conflito com Israel, ..."	0
69	google	Palestina	"Palestina Livre! Greves na Cisjordânia e protestos em ..."	https://www.esquerdadiario.com.br/Greves-na-Cisjordania-e-protestos-em-Gaza-se-opoem-a-pena-de-morte-aos-palestinos-aprovada-em	"6 de abr. de 2026 — Em resposta à lei odiosa do Estado genocida de Israel, greves foram registradas na Cisjordânia ocupada, além de protestos na Gaza ..."	0
70	google	Palestina	"Israel e Palestina - UN News - the United Nations"	https://news.un.org/pt/tags/israel-e-palestina	"Não há nenhuma informação disponível para esta página.Saiba o motivo"	0
71	google	Palestina	"Presidente da autoridade Palestina fala na Assembleia ..."	https://www.youtube.com/watch?v=vEHWUOUYjTY	"Via videoconferência, o presidente da autoridade Palestina, Mahmoud Abbas, discursa na Assembleia Geral da ONU nesta quinta-feira (25)."	0
72	google	Palestina	"Territ. Palestinos | Tudo Sobre - G1 - Globo"	https://g1.globo.com/tudo-sobre/territorios-palestinos/	"Mais de 30 reféns israelenses sequestrados pelo grupo terrorista Hamas morreram. Estima-se que há cerca de 136 reféns. Os serviços de inteligência de Israel ..."	0
73	google	Palestina	"Palestina – notícias, opinião, rádio, fotos e podcasts"	https://observador.pt/seccao/mundo/palestina/	"Ataques nocturnos em várias aldeias da Cisjordânia ocupada. Mesquitas vandalizadas, veículos incendiados. As autoridades palestinianas apelam à UE por ""medidas ..."	0
74	google	Palestina	"Palestinos em Gaza retornam às ruínas e à incerteza"	https://istoe.com.br/palestinos-em-gaza-retornam-as-ruinas-e-a-incerteza	"13 de out. de 2025 — Palestinos em Gaza retornam às ruínas e à incerteza. A palestina Nesreen Hamad, mãe de três filhos, aguardou ansiosamente notícias do marido ..."	0
75	google	Palestina	"Diretor do Sindipetro-RJ e da FNP volta ao Brasil após ser ..."	https://sindipetro.org.br/diretor-do-sindipetro-rj-e-da-fnp-volta-ao-brasil-apos-ser-sequestrado-por-israel/	"há 2 horas — ... Palestina no Rio de Janeiro. O petroleiro lembrou da situação dos ativistas Thiago Ávila e Saif Abu Keshek que também foram sequestrados e ..."	0
76	google	Palestina	"Estado da Palestina"	https://www.unicef.org/flnhub/pt/topics/estado-da-palestina	"Não há nenhuma informação disponível para esta página.Saiba o motivo"	0
77	google	Palestina	"Palestina con altri occhi"": venerdì 8 maggio - Comune di Spoleto"	https://www.comune.spoleto.pg.it/it/events/palestina-con-altri-occhi-venerdi-8-maggio	"há 10 horas — Continua a Spoleto la rassegna cinematografica ""Palestina con altri occhi"", iniziativa culturale e politica promossa dalla Rete per la Palestina ..."	0
78	google	Palestina	"Ilias pone en el césped la bandera de Palestina y todo ..."	https://www.dailymotion.com/video/xa7pf4g	"há 4 dias — Ilias coge la bandera de Palestina de la grada del Estadio de Vallecas, la pone en el césped y se reúne con el resto del equipo para cantar ..."	0
79	google	Palestina	"Quatro ativistas pró-Palestina são condenados no Reino ..."	https://br.tradingview.com/news/afp:c60598faa54f3:0/	"há 1 hora — Quatro ativistas do grupo Palestine Action, atualmente proibido, foram condenados nesta terça-feira (5) pela Justiça britânica por ..."	0
80	google	Palestina	"Nota de solidariedade do Sepe RJ ao presidente nacional ..."	https://seperj.org.br/nota-de-solidariedade-do-sepe-rj-ao-presidente-nacional-do-pstu-ze-maria-processado-por-expressar-solidariedade-a-causa-palestina/	"há 6 dias — Nota de solidariedade do Sepe RJ ao presidente nacional do PSTU, Zé Maria, processado e condenado por expressar solidariedade à causa Palestina."	0
81	google	Palestina	"CSP-Conlutas faz 1º de Maio classista, pelo fim escala 6x1 ..."	https://cspconlutas.org.br/n/20309/csp-conlutas-faz-1-de-maio-classista-pelo-fim-escala-6x1-e-por-justica-aos-que-lutam-pela-palestina	"há 3 dias — CSP-Conlutas faz 1º de Maio classista, pelo fim escala 6x1 e por justiça aos que lutam pela Palestina ... A manhã da sexta-feira, 1º de Maio, Dia ..."	0
82	google	Palestina	"Um tribunal israelense prorrogou, ..."	https://www.facebook.com/metropolesdf/videos/um-tribunal-israelense-prorrogou-na-ter%C3%A7a-feira-55-a-pris%C3%A3o-preventiva-de-dois-a/26969905269314064/	"... Palestina que estavam a bordo dos barcos foram levados para a ilha grega de Creta. A prisão preventiva de Abu Keshek e Avila havia sido ..."	0
83	google	Palestina	"Palestinos e israelenses pedem reconhecimento da ..."	https://exame.com/mundo/palestinos-e-israelenses-pedem-reconhecimento-da-palestina/	"17 de nov. de 2014 — 100 representantes cristãos palestinos e quase 700 membros da sociedade civil israelense pediram à Europa avanço no reconhecimento do Estado ..."	0
84	google	Palestina	"Quatro ativistas pró-Palestina são condenados no Reino ..."	https://noticias.uol.com.br/ultimas-noticias/afp/2026/05/05/quatro-ativistas-pro-palestina-sao-condenados-no-reino-unido-por-acao-contra-empresa-de-armas-israelense.htm	"há 2 horas — O governo trabalhista de Keir Starmer classificou o Palestine Action como organização terrorista em julho de 2025, após atos de vandalismo ..."	0
85	google	Palestina	"Com reféns detidos em Gaza, israelenses descartam ..."	https://www.terra.com.br/noticias/mundo/com-refens-detidos-em-gaza-israelenses-descartam-debate-sobre-estado-palestino,17959bd067f78bdfd2f956804bdb0cf0yfzwe4ry.html	"30 de jul. de 2025 — A solução diplomática de dois Estados, Palestina e Israel, para acabar com o conflito de sete décadas no Oriente Médio, avançou alguns ..."	0
86	google	Palestina	"KAICIID apoia iniciativas para promover diálogo e coesão ..."	https://www.vaticannews.va/pt/mundo/news/2026-05/kaiciid-iniciativas-promocao-dialogo-siria-sudao-palestin.html	"há 1 dia — ... Palestina. Os projetos integram a sexta edição do programa Dialogue 360 de Resposta a Crises do KAICIID, que apoia organizações locais e ..."	0
87	google	Palestina	"ONU condena sequestro de Thiago Ávila e Saif Abukeshek ..."	https://revistaforum.com.br/global/onu-condena-sequestro-de-thiago-avila-e-saif-abukeshek-por-israel/	"há 2 horas — ... Palestina. ""Não é crime demonstrar solidariedade e tentar levar ajuda humanitária à população palestina em Gaza, que dela necessita ..."	0
88	google	Palestina	"ANDES-SN vai à Embaixada da Palestina e reforça ..."	https://www.adufop.org.br/post/andes-sn-vai-%C3%A0-embaixada-da-palestina-e-refor%C3%A7a-solidariedade-ao-povo-palestino	"Check your internet and refresh this page. If that doesn""t work, contact us. LOGO ANDES-SN VERMELHO (PRINCIPAL).png. Horário de funcionamento:"	0
89	google	Palestina	"Seguimos na luta, apoiando a Flotilha para ..."	https://www.instagram.com/reel/DX6bI27urSK/	"... crimes de israel. Liberdade para Thiago, Saif e os mais de 9000 presos palestinos! Palestina livre do rio ao mar!""."	0
90	google	Palestina	"China exige que Israel cumpra integralmente o acordo de ..."	https://www.brasildefato.com.br/2026/04/29/china-exige-que-israel-cumpra-integralmente-o-acordo-de-cessar-fogo-com-gaza/	"há 6 dias — ... palestinos governam a Palestina. A China saudou a realização das eleições municipais palestinas na semana passada e defendeu o apoio ..."	0
91	google	Palestina	"O que é a Palestina?"	https://ihu.unisinos.br/categorias/640778-o-que-e-a-palestina	"27 de jun. de 2024 — Hoje, a Palestina é Gaza, uma região em ruínas governada por um grupo terrorista, e 165 “ilhas” na Cisjordânia com autogoverno limitado e ..."	0
92	google	Palestina	"Harde klappen voor Palestina-aanhangers: 'Mijn dorp uit!'"	https://powned.tv/video/harde-klappen-voor-palestina-aanhangers-mijn-dorp-uit~6899/	"há 4 dias — Palestina-aanhangers zullen voortaan wel twee keer nadenken voordat ze weer gaan demonstreren in Renswoude. Daar werden de gemaskerden ..."	0
93	google	Palestina	"Nova Beira Rio: projeto transforma Praça Palestina em ..."	https://hcnoticias.com.br/geral/81445/nova-beira-rio-projeto-transforma-praca-palestina-em-area-de-lazer-e-contemplacao-as-margens-do-rio	"há 24 horas — Revitalização prevê ciclovia ampliada, playground, equipamentos esportivos, acesso à água e valorização do Monumento à Paz em Tubarão."	0
94	google	Palestina	"A criação de Israel e a origem do conflito na Palestina"	https://www.youtube.com/watch?v=-QYhViVpavg	"ABDULLAH, Daub. A History of Palestine Resistence. · ANDERSON, Benedict. Comunidades imaginadas: Reflexões sobre a origem e a difusão do ..."	0
95	google	Palestina	"Flotilha à Palestina: Ativistas brasileiros desembarcam no Brasil"	https://www.gbnews.com.br/single-post/flotilha-%C3%A0-palestina-ativistas-brasileiros-desembarcam-no-brasil	"Flotilha à Palestina: Ativistas brasileiros · Rio de Janeiro, 03/5/2026. Por Redação GBNEWS · Por Redação GBNEWS · A Flotilha Global Sumud foi atacada em ..."	0
96	google	Palestina	"Reconhecimento do Estado da Palestina - Portal Gov.br"	https://www.gov.br/mre/pt-br/canais_atendimento/imprensa/notas-a-imprensa/reconhecimento-do-estado-da-palestina	"24 de set. de 2025 — O Brasil expressa a expectativa de que o reconhecimento do Estado da Palestina, já realizado por 159 países, venha a conferir impulso político ..."	0
97	google	Palestina	"Premiê do Reino Unido cita possibilidade de proibição das ..."	https://www.infomoney.com.br/mundo/premie-do-reino-unido-cita-possibilidade-de-proibicao-das-marchas-pro-palestina/	"há 3 dias — As marchas pró-Palestina se tornaram regulares ⁠em Londres desde o ataque do Hamas a Israel."	0
98	google	Palestina	"Quatro ativistas pró-Palestina são condenados no Reino ..."	https://jornaldebrasilia.com.br/noticias/mundo/quatro-ativistas-pro-palestina-sao-condenados-no-reino-unido-por-acao-contra-empresa-de-armas-israelense/	"há 1 hora — Quatro ativistas pró-Palestina são condenados no Reino Unido por ação contra empresa de armas israelense. Grupo invadiu instalação da Elbit ..."	0
99	google	Palestina	"Federação da Palestina critica gesto de Infantino e inação ..."	https://sapo.pt/artigo/federacao-da-palestina-critica-gesto-de-infantino-e-inacao-da-fifa-contra-israel-69f8d913a64bf336266d04e4	"há 1 dia — Ao contrário do pretendido e exposto pela Palestina, no último congresso, a FIFA confirmou que não tomará medidas disciplinares contra Israel, ..."	0
100	google	Palestinos	"Palestinos – Wikipédia, a enciclopédia livre"	https://pt.wikipedia.org/wiki/Palestinos	"Seu idioma é o árabe, possuindo um dialeto local, e a religião predominante é o islamismo sunita, mas existe uma importante minoria cristã. Boa parte dos ..."	0
101	google	Palestinos	"Palestinos explicam raízes na terra e por que populações ..."	https://www.brasildefato.com.br/2025/10/07/palestinos-explicam-laco-existencial-com-a-terra-e-por-que-populacoes-nao-deixarao-gaza-e-a-cisjordania/	"7 de out. de 2025 — O palestino-estadunidense explica que abandonar a terra significaria permitir o apagamento da história, da cultura e da alma coletiva. “Há uma ..."	0
102	google	Palestinos	"Palestinos: as redefinições de fronteiras e cidadania"	https://www.scielo.br/j/ha/a/6wLfXdFctWBFdjQw7YxhgHC/?lang=pt	"de DF Jardim · 2003 · Citado por 29 — Ou seja, são palestinos todos os que viveram na Palestina antes de 1947, árabes ou judeus. Reconhecem-se como palestinos todos os que têm ascendência paterna e, ..."	0
103	google	Palestinos	"Estado da Palestina – Wikipédia, a enciclopédia livre"	https://pt.wikipedia.org/wiki/Estado_da_Palestina	"A Palestina designa Jerusalém Oriental como sua capital, mas seu centro administrativo está localizado na cidade de Ramala. A sua independência foi declarada em ..."	0
104	google	Palestinos	"A Questão Palestina - Roteiro de Estudos"	https://www.curso-objetivo.br/vestibular/roteiro_estudos/questao_palestina.aspx	"A Palestina foi conquistada pelos hebreus ou israelitas (mais tarde também conhecidos como judeus) por volta de 1200 a.C., depois que aquele povo se retirou do ..."	0
105	google	Palestinos	"Israel diz 'evitar' judeus e atirar contra palestinos na Cisjordânia"	https://operamundi.uol.com.br/guerra-israel-x-palestina/exercito-de-israel-diz-evitar-civis-judeus-e-atirar-contra-palestinos-que-protestam-na-cisjordania/	"há 1 dia — Segundo chefe das IDF, matar moradores por suspeita de ""terrorismo"" é legítimo; em três anos, 1,5 mil foram assassinados na região."	0
106	google	Palestinos	"Palestina mais perto do que nunca de ser reconhecida ..."	https://www.youtube.com/watch?v=jCndfr2UKsM	"Nas últimas semanas, líderes de países ricos e influentes, como Reino Unido, França, Austrália e Canadá anunciaram o reconhecimento oficial ..."	0
107	google	Palestinos	"Quem são os palestinos | Guga Chacra - O Globo"	https://blogs.oglobo.globo.com/guga-chacra/post/quem-sao-os-palestinos.html	"20 de mai. de 2021 — Os palestinos são os árabes levantinos de religião cristã e muçulmana cujas famílias habitavam o atual território de Israel, a Cisjordânia e ..."	0
108	google	Palestinos	"Israel prorroga detenção de ativistas brasileiro e palestino da ..."	https://veja.abril.com.br/mundo/israel-prorroga-detencao-de-ativistas-brasileiro-e-palestino-da-flotilha-para-gaza/	"há 6 horas — A justiça israelense prorrogou a prisão do brasileiro Thiago Ávila e de um ativista espanhol-palestino, detidos em uma flotilha que tentava ..."	0
109	google	Palestinos	"Federação Árabe Palestina (@fepal_brasil)"	https://www.instagram.com/fepal_brasil/	"328K followers · 248 following · 4479 posts · @fepal_brasil: “Entidade representante da comunidade palestina no Brasil. ”"	0
110	google	Palestinos	"Territórios Palestinos"	https://www.dw.com/pt-br/territ%C3%B3rios-palestinos/t-17440797	"Os territórios palestinos compreendem a Faixa de Gaza, controlada pelo grupo radical islâmico Hamas, e a Cisjordânia ocupada. Pular a seção Notícias ..."	0
111	google	Palestinos	"“Projeto que visa o extermínio dos palestinos ..."	https://radis.ensp.fiocruz.br/entrevista/palestina-entrevista/projeto-que-visa-o-exterminio-dos-palestinos/	"1 de out. de 2024 — Trata-se de uma guerra colonial, de décadas, que visa ao extermínio da população palestina. Uma guerra que é “necessária” ao sionismo e à sua ..."	0
112	google	Palestinos	"notícias sobre o território palestino - Folha - UOL"	https://www1.folha.uol.com.br/folha-topicos/palestina/	"Leia as últimas notícias sobre a Palestina e acompanhe as atualizações, imagens e vídeos sobre a guerra entre Israel e o território."	0
113	google	Palestinos	"Palestina - MSF Brasil"	https://www.msf.org.br/o-que-fazemos/projetos-msf/palestina/	"Em 2024, as equipes de MSF ampliaram suas atividades na Palestina para prestar assistência às pessoas feridas e deslocadas pela guerra brutal de Israel em ..."	0
114	google	Palestinos	"Quais países reconhecem o Estado Palestino e o que isso ..."	https://www.bbc.com/portuguese/articles/c5ylw7q7n85o	"21 de ago. de 2025 — Desde o início da guerra entre Hamas e Israel em Gaza, nove países já reconheceram o Estado Palestino e outros cinco anunciaram sua intenção ..."	0
115	google	Palestinos	"Mais de 100 palestinos morreram nas últimas 24 horas em ..."	https://www.youtube.com/watch?v=0aiHqNV--I0	"Em Gaza, mais de 50 palestinos foram massacrados por tropas de Israel quando tentavam pegar ajuda humanitária."	0
116	google	Palestinos	"Israel quer inviabilizar o Estado palestino"	https://www.estadao.com.br/opiniao/israel-quer-inviabilizar-o-estado-palestino/?srsltid=AfmBOoo1BkS3HGQh0M-LKcM-W5poCtaD8pRDmOxxy1WK51SKRmtppuoL	"há 3 dias — Limpeza étnica na Cisjordânia é desumana e contraproducente: quanto mais Israel sabota as aspirações nacionais dos palestinos, mais prejudica"	0
117	google	Palestinos	"Palestinos são liberados para entrar no Brasil após ..."	https://www.cnnbrasil.com.br/nacional/sudeste/sp/palestinos-sao-liberados-a-entrar-no-brasil-apos-retencao-em-aeroporto/	"24 de abr. de 2026 — Palestinos são liberados para entrar no Brasil após retenção em aeroporto. Justiça Federal concedeu liminar à família, vinda da Faixa de Gaza ..."	0
118	google	Palestinos	"Milhares de palestinos deixam Gaza com medo de ofensiva ..."	https://agenciabrasil.ebc.com.br/internacional/noticia/2025-08/milhares-de-palestinos-deixam-gaza-com-medo-de-ofensiva-israelense	"18 de ago. de 2025 — Com medo de nova ofensiva terrestre israelense, milhares de palestinos deixaram suas casas nas áreas orientais da Cidade de Gaza, agora sob ..."	0
119	google	Palestinos	"Seguimos na luta, apoiando a Flotilha para ..."	https://www.instagram.com/reel/DX6bI27urSK/	"Depois de sequestro pelas forças de ocupação israelenses, Mandi Coelho e Leandro Lanfredi retornam ao Brasil e exigem liberdade para Thiago ..."	0
120	google	Palestinos	"Ex-chefe do Mossad denuncia violência contra palestinos ..."	https://www.brasil247.com/mundo/ex-chefe-do-mossad-denuncia-violencia-contra-palestinos-na-cisjordania-e-compara-ataques-de-colonos-ao-holocausto	"há 7 dias — Tamir Pardo diz sentir “vergonha de ser judeu” ao testemunhar a violência de colonos contra palestinos na Cisjordânia."	0
121	google	Palestinos	"Por uma pedagogia dos direitos humanos palestinos"	https://jornal.usp.br/artigos/por-uma-pedagogia-dos-direitos-humanos-palestinos/	"14 de dez. de 2023 — Palestinos vivem o racismo estrutural, no qual são brutalizados cotidianamente, são cidadãos relegados à segunda classe, a lugar de pessoas ..."	0
122	google	Palestinos	"Defensores da causa palestina denunciam violações do ..."	https://www.camara.leg.br/noticias/1175163-defensores-da-causa-palestina-denunciam-violacoes-do-direito-internacional-e-pedem-justica-para-palestinos/	"2 de jul. de 2025 — Sessão solene na Câmara dos Deputados lembra os 77 anos da desapropriação das terras de palestinos."	0
123	google	Palestinos	"Israel busca países para receber palestinos deslocados ..."	https://www.youtube.com/watch?v=Mhcv3BYGC6c	"O primeiro-ministro de Israel, Benjamin Netanyahu, afirmou que há negociações em andamento com alguns países sobre o acolhimento de ..."	0
124	google	Palestinos	"Israelenses e palestinos têm desafios em busca da paz"	https://globoplay.globo.com/v/14012937/	"14 de out. de 2025 — Desarmamento do Hamas e criação de um estado palestino são dois pontos fundamentais no futuro da região."	0
125	google	Palestinos	"Israel X Palestina: Entenda as origens e consequências do ..."	https://unifor.br/-/israel-x-palestina-entenda-as-origens-e-consequencias-do-conflito	"23 de out. de 2023 — “A Palestina tem vivido, desde a criação de Israel (1948), uma situação de conflito endêmico. Uma guerra teve início no dia seguinte à criação ..."	0
126	google	Palestinos	"Israel faz ofensiva silenciosa em povoados da Cisjordânia"	https://www.correiobraziliense.com.br/mundo/2026/05/7405482-israel-faz-ofensiva-silenciosa-em-povoados-da-cisjordania.html	"há 1 dia — Com o mundo atento para a guerra no Irã e no Líbano, colonos judeus promovem incursões armadas e expulsam palestinos de povoados da Cisjordânia, ..."	0
127	google	Palestinos	"Palestina (região) – Wikipédia, a enciclopédia livre"	https://pt.wikipedia.org/wiki/Palestina_(regi%C3%A3o)	"É habitada desde a Antiguidade e disputada por diversos impérios ao longo da historia, por se tratar de uma região de passagem importante entre África, Ásia e ..."	0
128	google	Palestinos	"Territórios Palestinos - BBC News Brasil"	https://www.bbc.com/portuguese/topics/c8y94y3zv32t	"Homens armados aliados ao Hamas patrulham um campo de refugiados em Gaza. A sangrenta disputa entre Hamas e grupos rivais pelo controle da Faixa de Gaza após ..."	0
129	google	Palestinos	"Um país fora do lugar: os refugiados palestinos"	https://diplomatique.org.br/refugiados-palestinos/	"28 de nov. de 2023 — Os quase seis milhões de refugiados palestinos distribuídos em campos de refugiados no Oriente Médio vivem hoje, portanto, em condições diversas ..."	0
130	google	Palestinos	"Palestina Livre! Greves na Cisjordânia e protestos em ..."	https://www.esquerdadiario.com.br/Greves-na-Cisjordania-e-protestos-em-Gaza-se-opoem-a-pena-de-morte-aos-palestinos-aprovada-em	"6 de abr. de 2026 — Em resposta à lei odiosa do Estado genocida de Israel, greves foram registradas na Cisjordânia ocupada, além de protestos na Gaza bombardeada e ..."	0
131	google	Palestinos	"Onde e como vivem os palestinos no Oriente Médio?"	https://www.dw.com/pt-br/onde-e-como-vivem-os-palestinos-no-oriente-m%C3%A9dio/a-67597546	"30 de nov. de 2023 — Os palestinos no Oriente Médio formam um povo bastante diversificado de cerca de 7 milhões de pessoas, em situações legais variadas, que vivem ..."	0
132	google	Palestinos	"Israel prorroga detenção de ativista brasileiro pró-Palestina"	https://www.gazetadopovo.com.br/mundo/israel-prorroga-detencao-de-ativista-brasileiro-pro-palestina/	"há 2 dias — Um tribunal de Israel autorizou, neste domingo (3), prorrogar por mais dois dias a detenção do brasileiro e ativista radical pró-Palestina ..."	0
133	google	Palestinos	"Colonos expulsam palestinos da Cidade Velha de Hebron ..."	https://www.instagram.com/reel/DX4s8LWRDXi/	"Colonos expulsam palestinos da Cidade Velha de Hebron sob proteção de soldados"	0
134	google	Palestinos	"Número de palestinos mortos em Gaza passa de 72 mil ..."	https://sbtnews.sbt.com.br/noticia/mundo/bombardeios-israelenses-ja-deixaram-830-mortos-em-gaza-desde-o-inicio-do-cessar-fogo	"há 2 dias — Elas acrescentaram que, desde o início da guerra, em outubro de 2023, a ofensiva israelense já deixou 72.610 palestinos mortos e outros 172.448 ..."	0
135	google	Palestinos	"Israel, Palestina: depois das cinzas. Artigo de Omri Boehm"	https://ihu.unisinos.br/categorias/637735-israel-palestina-depois-das-cinzas-artigo-de-omri-boehm	"23 de mar. de 2024 — ""Na prática, a doutrina dos dois Estados se transformou em um método para perpetuamente violar os direitos dos palestinos e, ao mesmo tempo, ..."	0
136	google	Palestinos	"Israel and Palestine: the history of the conflict"	https://www.youtube.com/watch?v=e02R7T_c-6M	"Quem passou a vida ouvindo falar no conflito entre israelenses e palestinos deve já ter se perguntado: Afinal, quem tem razão?"	0
137	google	Palestinos	"Ataque israelense mata quatro palestinos em Gaza ..."	https://noticias.uol.com.br/ultimas-noticias/reuters/2026/04/05/ataque-israelense-mata-quatro-palestinos-em-gaza-segundo-medicos.htm	"5 de abr. de 2026 — CAIRO, 5 Abr (Reuters) - Um ataque aéreo israelense matou quatro ​palestinos no norte ​da Faixa de Gaza neste domingo, segundo as ..."	0
138	google	Palestinos	"Palestina: capitais, mapa, bandeira, história - Brasil Escola"	https://brasilescola.uol.com.br/geografia/palestina.htm	"A Palestina é um território do Oriente Médio dividido entre a Faixa de Gaza e a Cisjordânia. Seu povo luta até os dias atuais pelo reconhecimento de um Estado ..."	0
139	google	Palestinos	"Relatório Mundial 2024: Israel e Palestina"	https://www.hrw.org/pt/world-report/2024/country-chapters/israel-and-palestine	"Até 7 de dezembro, colonos israelenses mataram 15 palestinos, segundo o OCHA. Entre 7 de outubro e 28 de novembro, colonos atacaram 93 comunidades palestinas, ..."	0
140	google	Palestinos	"Netanyahu diz que palestinos estão livres para sair de Gaza"	https://www.cnnbrasil.com.br/internacional/netanyahu-diz-que-palestinos-estao-livres-para-sair-de-gaza/	"13 de ago. de 2025 — Líderes mundiais já condenaram anteriormente a ideia de deslocar a população do território palestino · Sofrimento em Gaza atingiu níveis ..."	0
141	google	Palestinos	"Palestinos falam dos horrores da guerra em Gaza"	https://globoplay.globo.com/v/14006682/	"12 de out. de 2025 — Palestinos falam dos horrores da guerra em Gaza - Em Gaza, o cessar-fogo. 7 min. Palestinos falam dos ..."	0
142	google	Palestinos	"Vida dos palestinos está sendo 'severamente' restrita por ..."	https://brasil.un.org/pt-br/69935-vida-dos-palestinos-est%C3%A1-sendo-severamente-restrita-por-israel-diz-especialista-da-onu	"22 de jun. de 2015 — ... palestinos, agências das Nações Unidas e funcionários do governo palestino. Ele foi incapaz de acessar o Território Palestino Ocupado, após ..."	0
143	google	Palestinos	"Com baixa participação, palestinos vão às urnas pela ..."	https://oglobo.globo.com/mundo/noticia/2026/04/25/com-baixa-participacao-palestinos-vao-as-urnas-pela-primeira-vez-desde-o-inicio-da-guerra-em-gaza.ghtml	"25 de abr. de 2026 — Desde 10 de outubro de 2025, um cessar-fogo precário está em vigor, marcado por atos de violência quase diários. O líder da Autoridade Nacional ..."	0
144	google	Palestinos	"Entenda a evolução de territórios palestinos e israelenses"	https://www.poder360.com.br/internacional/entenda-a-evolucao-de-territorios-palestinos-e-israelenses/	"15 de out. de 2023 — Durante o conflito, Israel acabou conquistando territórios da Palestina (77%, segundo a ONU), o que resultou em uma diminuição das áreas ..."	0
145	google	Palestinos	"Palestinos fogem de Gaza em meio à operação de Israel"	https://www.youtube.com/watch?v=YN7d3uAe0KY	"Palestinos fogem do Norte da Faixa de Gaza para o Sul em meio à operação militar de Israel. Nesta sexta-feira (19), militares lançaram ..."	0
146	google	Palestinos	"Sob domínio de Israel, Jerusalém é pesadelo para palestinos"	https://www.cut.org.br/noticias/sob-dominio-de-israel-jerusalem-e-pesadelo-para-palestinos-4c73	"2 de abr. de 2015 — A imigração de judeus para a Palestina ganhou força após 1918 e, com o final da Segunda Guerra Mundial, o fluxo imigratório cresceu brutalmente."	0
147	google	Palestinos	"Diretoria do Sintrajud manifesta solidariedade a José ..."	https://sintrajud.org.br/conteudo/16116/diretoria-do-sintrajud-manifesta-solidariedade-a-jose-maria-de-almeida-e-ao-povo-palestino	"há 5 dias — ... palestinos — 70% mulheres e crianças —, de acordo com a relatora especial da ONU para os territórios palestinos, Francesca Albanese. https ..."	0
148	google	Palestinos	"A situação atual nos territórios palestinos"	https://fpabramo.org.br/a-situacao-atual-nos-territorios-palestinos/	"20 de nov. de 2025 — Desde o fracasso do processo de Oslo (2000), a Faixa de Gaza tem sido vista e tratada como uma exceção, como um pequeno território à margem do ..."	0
149	google	Palestinos	"Entenda o que foi a Nakba, a catástrofe do povo palestino"	https://agenciabrasil.ebc.com.br/internacional/noticia/2023-11/entenda-o-que-foi-nakba-catastrofe-do-povo-palestino	"4 de nov. de 2023 — Como resultado desse conflito, estima-se que de 700 mil a 800 mil palestinos foram expulsos de suas terras e entre 400 e 500 vilas palestinas ..."	0
150	google	Palestinos	"Palestinos explicam raízes com a terra e por que ..."	https://www.sindsep-pe.com.br/noticias-detalhe/palestinos-explicam-raizes-com-a-terra-e-por-que-populacoes-nao-deixarao-gaza-e-a-cisjordania/15079	"7 de out. de 2025 — ""Partir significa desrespeitar todo o sacrifício que nosso povo fez"", resume um dos palestinos ouvidos pelo BdF."	0
151	google	Palestinos	"Israel quer deslocar 600 mil palestinos para a fronteira ..."	https://www.youtube.com/watch?v=5H2TiGDx47E	"Em meio aos bombardeios diários - e novos massacres na Faixa de Gaza -, Israel apresentou uma proposta polêmica: deslocar 600 mil palestinos ..."	0
152	google	Palestinos	"Republicamos vídeo de Lara Souza, esposa de Thiago ..."	https://www.instagram.com/reel/DX5i_p-Sx_Y/	"... palestinos das masmorras israelenses! Palestina livre do rio ao mar ⛵     #PalestinaLivre #FreePalestine #ThiagoÁvila #SaifAbukeshek ..."	0
153	google	Palestinos	"Palestina: capitais, mapa, bandeira, história - Mundo Educação"	https://mundoeducacao.uol.com.br/geografia/palestina.htm	"A Palestina é uma região localizada no Oriente Médio. Historicamente foi ocupada por diversos povos, como árabes e judeus, além de cristãos."	0
154	google	Palestinos	"Israel e palestinos: entenda a origem do conflito ..."	https://www.bbc.com/portuguese/articles/ckgn7w97l48o	"15 de jan. de 2025 — O Egito foi expulso de Gaza na guerra de 1967 e a faixa foi ocupada por Israel, que construiu assentamentos e colocou a população palestina de ..."	0
155	google	Palestinos	"Palestinos votam nas primeiras eleições desde a guerra ..."	https://www.correiobraziliense.com.br/mundo/2026/04/7405978-palestinos-votam-nas-primeiras-eleicoes-desde-a-guerra-em-gaza.html	"25 de abr. de 2026 — Não há grupos afiliados ao movimento islamista Hamas, arquirrival do Fatah, que controla quase metade da Faixa de Gaza."	0
156	google	Palestinos	"Palestinos : as redefinições de fronteiras e cidadania"	https://lume.ufrgs.br/handle/10183/129344	"de DF Jardim · 2003 · Citado por 29 — O uso do termo “palestino” guarda uma diversidade de percursos e conflitos sociais que agiram no sentido de dar substancialidade a uma identidade social ..."	0
157	google	Palestinos	"O mundo deve agir com urgência para salvar os palestinos ..."	https://www.unicef.org/brazil/comunicados-de-imprensa/o-mundo-deve-agir-com-urgencia-para-salvar-os-palestinos-em-gaza	"10 de abr. de 2025 — ""Com o reforço do bloqueio israelense em Gaza agora entrando no segundo mês, apelamos aos líderes mundiais para agir – com firmeza, urgência e ..."	0
158	google	Palestinos	"A polêmica sobre livros didáticos desencadeia voto para ..."	https://www.reddit.com/r/geopolitics/comments/1t4efpx/textbook_row_triggers_vote_to_suspend_eu_funds_to/?tl=pt-br	"A polêmica sobre livros didáticos desencadeia voto para suspender os fundos da UE aos palestinos | O jihad é um dever religioso contemporâneo ..."	0
159	google	Palestinos	"ONU lamenta deslocamento sem precedentes de 36.000 ..."	https://noticias.uol.com.br/ultimas-noticias/afp/2026/03/17/onu-lamenta-deslocamento-sem-precedentes-de-36000-palestinos-na-cisjordania.htm	"17 de mar. de 2026 — ... palestinos na Cisjordânia ocupada constitui uma expulsão em massa de palestinos de uma magnitude sem precedentes"". O ACNUDH destaca que ""os ..."	0
160	google	Palestinos	"Palestinos começam a voltar para a Faixa de Gaza após ..."	https://www.youtube.com/watch?v=aWnAbdW-oT0	"Jornal Nacional: Palestinos começam a voltar para a Faixa de Gaza após cessar-fogo entrar em vigor. 176K views · 6 months ago. #notícias #g1."	0
161	google	Palestinos	"Nota | Por uma paz justa e duradoura entre palestinos e ..."	https://brasilpopular.org/notas/nota-por-uma-paz-justa-e-duradoura-entre-palestinos-e-israelenses/	"O povo palestino é, portanto, um povo colonizado, que luta por independência nacional, soberania, justiça e pelo direito de construir uma nação livre, com ..."	0
162	google	Palestinos	"Palestina, uma história milenar que o sionismo tenta ..."	https://ihu.unisinos.br/categorias/650005-palestina-uma-historia-milenar-que-o-sionismo-tenta-apagar-artigo-de-francisco-f-ladeira	"29 de mar. de 2025 — Sob o Império Otomano, “Palestina” foi usada tanto como um termo geral para descrever o país predominantemente árabe muçulmano quanto como um ..."	0
163	google	Palestinos	"Israel: países pedem libertação de ativista brasileiro pró ..."	https://www.gazetadopovo.com.br/mundo/11-paises-exigem-libertacao-do-ativista-pro-palestina-apos-interceptacao-de-israel/	"há 3 dias — O Ministério das Relações Exteriores de Israel acusou Abukeshek de liderar a Conferência Palestina para Palestinos no Exterior (PCPA), ..."	0
164	google	Palestinos	"As origens do Estado de Israel. E do conflito com os ..."	https://www.nexojornal.com.br/video/as-origens-do-estado-de-israel-e-do-conflito-com-os-palestinos	"14 de mai. de 2018 — Em 2018 os israelenses celebram os 70 anos da fundação de seu país, enquanto palestinos lamentam o evento, que chamam de Nakba, ..."	0
165	google	Palestinos	"Israel empurra milhares de palestinos em Gaza para uma ..."	https://www.cnnbrasil.com.br/internacional/israel-empurra-milhares-de-palestinos-em-gaza-para-uma-area-cada-vez-menore-americano-mantido-em-gaza/	"12 de abr. de 2025 — De acordo com a Organização das Nações Unidas, cerca de 400 mil pessoas foram obrigadas a se deslocar nas últimas três semanas, enquanto os ..."	0
166	google	Palestinos	"Israel ataca jornalistas palestinos"	https://www.brasil247.com/mundo/israel-ataca-jornalistas-palestinos	"há 2 dias — Liderança palestina afirma que ataques buscam silenciar denúncias e impedir a circulação de informações sobre Gaza."	0
167	google	Palestinos	"A importância da volta à terra para os palestinos"	https://diplomatique.org.br/a-importancia-da-volta-a-terra-para-os-palestinos/	"23 de nov. de 2019 — ""Al Nakba"" é como ficou conhecido em árabe o processo que culminou na expulsão de 700 mil palestinos de seus territórios."	0
168	google	Palestinos	"Israelenses usam cachorros para est*prar palestinos em ..."	https://www.instagram.com/p/DXhCi4sgM4k/	"The dog raped the young man. OCR. FEPAL - FEDERAÇÃO ÁRABE PALESTINA DO BRASIL Israelenses usam cachorros para est*prar palestinos em campos de ..."	0
169	google	Palestinos	"Palestinos em Gaza retornam às ruínas e à incerteza"	https://istoe.com.br/palestinos-em-gaza-retornam-as-ruinas-e-a-incerteza	"13 de out. de 2025 — A palestina Nesreen Hamad, mãe de três filhos, aguardou ansiosamente notícias do marido, que fizera a árdua viagem até o bairro de Sheikh Radwan ..."	0
170	google	Palestinos	"Ofensiva israelense em Gaza deixa centenas de milhares ..."	https://www.cartacapital.com.br/mundo/ofensiva-israelense-em-gaza-deixa-centenas-de-milhares-de-palestinos-sem-opcoes-de-fuga/	"20 de set. de 2025 — A Defesa Civil palestina informou na sexta-feira que 450 mil palestinos abandonaram a Cidade de Gaza. Por sua vez, o Exército israelense estimou ..."	0
171	google	Palestinos	"A justiça israelense prorrogou por mais dois dias a prisão ..."	https://www.instagram.com/reel/DX46fLkyxds/	"O ativista brasileiro Thiago Ávila e o palestino-espanhol Saif Abu Keshek estão ilegalmente presos por Israel desde quinta-feira (30) hoje, o ..."	0
172	google	Palestinos	"Israelenses e palestinos celebram acordo de cessar-fogo ..."	https://www.youtube.com/watch?v=f4UmqYrFoj0	"Israelenses e palestinos celebram acordo de cessar-fogo em Gaza Canal Principal ➤ @BandJornalismo Redes sociais: Instagram: ..."	0
173	google	Palestinos	"Questão Palestina: o que é, causas, resumo - Brasil Escola"	https://brasilescola.uol.com.br/geografia/questao-palestina.htm	"Questão Palestina é o nome dado ao movimento do povo palestino em busca da criação de um Estado nacional da Palestina. Teve início há mais de sete décadas."	0
174	google	Palestinos	"Conflito israelo-palestino – Wikipédia, a enciclopédia livre"	https://pt.wikipedia.org/wiki/Conflito_israelo-palestino	"As raízes remotas do conflito remontam aos fins do século XIX quando colonos judeus começaram a migrar para a região e se juntar a outros judeus remanescentes ..."	0
175	google	Palestinos	"Quem são os palestinos de Israel"	https://www.dw.com/pt-br/quem-s%C3%A3o-os-palestinos-de-israel/a-57536809	"14 de mai. de 2021 — Os israelenses palestinos, muitas vezes também chamados de árabes israelenses, constituíam cerca de 21% da população de Israel nas estatísticas ..."	0
176	google	Palestinos	"Jornal Nacional | Confronto na fronteira da Faixa de Gaza ..."	https://globoplay.globo.com/v/6735653/	"14 de mai. de 2018 — Paramédico diz que ação israelense contra palestinos foi brutal. Conflito aconteceu no dia em que EUA inauguram embaixada em Jerusalém."	0
177	google	Palestinos	"Após 65 anos, situação dos refugiados palestinos já ..."	https://brasil.un.org/pt-br/68144-ap%C3%B3s-65-anos-situa%C3%A7%C3%A3o-dos-refugiados-palestinos-j%C3%A1-deveria-estar-totalmente-resolvida-diz-onu	"5 de nov. de 2014 — ""Agora é essencial que a comunidade internacional apoie o governo palestino de Consenso Nacional para liderar o caminho da reconstrução de Gaza"" ..."	0
178	google	Palestinos	"Caminhos palestinos"	https://www.amazon.com.br/Caminhos-palestinos-Raja-Shehadeh/dp/850108249X	"Visão geral do livro. Raja Shehadeh narra seis viagens feitas por ele, entre 1978e 2006, às colinas da Cisjordânia. Ao relatar as jornadas e osdiferentes ..."	0
179	google	Palestinos	"Entenda a diferença entre israelenses, palestinos e o Hamas"	https://g1.globo.com/mundo/noticia/2023/10/08/entenda-a-diferenca-entre-israelenses-palestinos-e-o-hamas.ghtml	"8 de out. de 2023 — Em 1947, as Nações Unidas propuseram a criação de dois Estados: um judeu e um árabe. Esses Estados seriam instalados na Palestina, sob um ..."	0
180	google	Palestinos	"UNRWA | United Nations Relief and Works Agency for ..."	https://www.unrwa.org/	"The United Nations Relief and Works Agency for Palestine Refugees in the Near East (UNRWA) is a relief and human development agency. UNRWA is funded almost ..."	0
181	google	Palestinos	"Análise: Palestinos fogem da Cidade de Gaza após ..."	https://www.youtube.com/watch?v=V77N6i2WL8c	"O primeiro-ministro de Israel, Benjamin Netanyahu, indicou, nesta quinta-feira (21), que aprovará um plano militar para assumir o controle ..."	0
182	google	Palestinos	"Israel e Palestina: entenda o conflito do início!"	https://www.politize.com.br/israel-palestina/	"18 de mai. de 2021 — O conflito entre Israel e Palestina sempre gera dúvidas, não é mesmo? Pensando nisso o Politize! preparou uma sequência de três textos para ..."	0
183	google	Palestinos	"Palestinos retornam à Cidade de Gaza enquanto ..."	https://www.terra.com.br/noticias/mundo/palestinos-retornam-a-cidade-de-gaza-enquanto-mediadores-miram-proxima-etapa,d8c191d1dc690e81af3355b24d4cd87ae2qaspeg.html	"28 de jan. de 2025 — Os palestinos deslocados que voltam para suas casas na Cidade de Gaza esta semana encontraram ..."	0
184	google	Palestinos	"Israel e Territórios Palestinos Ocupados"	https://anistia.org.br/informe/israel-e-territorios-palestinos-ocupados/	"O ataque retaliatório de Israel em Gaza matou pelo menos 232 pessoas e feriu cerca de 1.700, de acordo com o Ministério da Saúde palestino. A mídia israelense ..."	0
185	google	Palestinos	"Palestinos aguardam desesperados ajuda humanitária ..."	https://www.otempo.com.br/mundo/palestinos-aguardam-desesperados-ajuda-humanitaria-prometida-a-gaza-1.3257837	"19 de out. de 2023 — Os palestinos bloqueados na Faixa de Gaza aguardam desesperados, nesta quinta-feira (19), a chegada de ajuda humanitária através do Egito, ..."	0
186	google	Palestinos	"Israel volta a prolongar prisão de Thiago Ávila e ativista ..."	https://jovempan.com.br/noticias/mundo/israel-volta-a-prolongar-prisao-de-thiago-avila-e-ativista-espanhol-palestino.html	"há 3 horas — ... palestino Saif Abu Keshek, presos na semana passada perto da costa ... Palestinos no Exterior (PCPA), uma organização sancionada pelo ..."	0
187	google	Palestinos	"Arquivo de Guerra Israel x Palestina - Opera Mundi - UOL"	https://operamundi.uol.com.br/category/guerra-israel-x-palestina/	"Guerra Israel x Palestina · Greta Thunberg difunde vídeo pedindo libertação de Thiago Ávila · Advogados denunciam ""abuso psicológico"" contra ativista brasileiro ..."	0
188	google	Palestinos	"Para os cristãos em ""israel"" e em Jerusalém, a intolerância ..."	https://fepal.com.br/para-os-cristaos-em-israel-e-em-jerusalem-a-intolerancia-esta-se-tornando-normal/	"há 11 minutos — ... palestinos — contribuindo para o desejo, por parte de quase metade ... A guinada de Israel em direção ao ultranacionalismo, particularmente no que ..."	0
189	google	Palestinos	"Quem são os grupos de palestinos e israelenses que ..."	https://theconversation.com/quem-sao-os-grupos-de-palestinos-e-israelenses-que-trabalham-juntos-pelo-fim-da-violencia-na-regiao-229744	"10 de mai. de 2024 — A organização é fundada por ex-combatentes palestinos e israelenses, pessoas que já estiveram diretamente envolvidas no ciclo de violência do ..."	0
190	google	Palestinos	"Mais de 12 mil beduínos palestinos sofrem risco de ..."	https://brasil.un.org/pt-br/67687-mais-de-12-mil-bedu%C3%ADnos-palestinos-sofrem-risco-de-desalojamento-das-suas-terras-na	"24 de set. de 2014 — Muitos beduínos vivem sob ameaça diária de deslocamento devido a demolições de suas propriedades, ordens de apreensão e confiscos. As ..."	0
191	google	Palestinos	"O controle de Israel de 97% da Palestina histórica"	https://www.brasildefato.com.br/colunista/vijay-prashad/2025/05/14/o-controle-de-israel-de-97-da-palestina-historica/	"14 de mai. de 2025 — Em 1948, o recém-proclamado governo de Israel confiscou 78% das terras palestinas e expulsou mais da metade de sua população (750 mil pessoas) ..."	0
192	google	Palestinos	"O que pensam os palestinos sobre a resistência armada"	https://www.intercept.com.br/2023/10/10/israel-hamas-resistencia-armada-e-liberdade-o-que-pensam-os-palestinos/	"10 de out. de 2023 — A maioria dos palestinos apoia a resistência armada e acredita que recuperará sua terra natal, segundo pesquisas."	0
193	google	Palestinos	"quantos refugiados palestinos há no mundo e onde estão?"	https://www.bbc.com/portuguese/articles/c51z7yv3r19o	"13 de jan. de 2024 — Além dos 3,3 milhões de palestinos que vivem na Cisjordânia e dos 2,3 milhões de palestinos que vivem em Gaza, mais 1,75 milhão de palestinos ..."	0
194	google	Palestinos	"Diretor do Sindipetro-RJ e da FNP volta ao Brasil após ser ..."	https://sindipetro.org.br/diretor-do-sindipetro-rj-e-da-fnp-volta-ao-brasil-apos-ser-sequestrado-por-israel/	"há 2 horas — ... palestinos de Gaza. Petroleiros do RJ na defesa da causa palestina. Ao desembarcar no aeroporto carioca, Lanfredi foi recebido por familiares ..."	0
195	google	Palestinos	"Israel não consegue tolerar nem um campo de futebol na ..."	https://jacobin.com.br/2026/05/israel-nao-consegue-tolerar-nem-um-campo-de-futebol-na-cisjordania/	"há 4 horas — Agora, Israel emitiu uma ordem para destruir o campo, como parte de sua contínua limpeza étnica na Cisjordânia. Awdah Hathaleen era um palestino ..."	0
196	google	Palestinos	"O brasileiro Thiago Ávila, que estava na flotilha que tenta ..."	https://www.facebook.com/redetvt/videos/sequestro-o-brasileiro-thiago-%C3%A1vila-que-estava-na-flotilha-que-tenta-furar-o-cer/986943157616674/	"Junto com Ávila, o ativista espanhol-palestino Saif Abu Keshek também foi preso por Israel. Ambos são acusados de terrorismo e colaboração com o ..."	0
197	google	Palestinos	"Pelo menos 34.200 palestinos morreram em 200 dias de ..."	https://ihu.unisinos.br/categorias/638788-pelo-menos-34-200-palestinos-morreram-em-200-dias-de-guerra-na-faixa-de-gaza	"24 de abr. de 2024 — Do total de vítimas, 32 morreram nas últimas 24 horas, com 59 pessoas feridas, de acordo com o Ministério da Saúde do governo do Hamas. O ..."	0
198	google	Palestinos	"Uma resposta a Demétrio Magnoli"	https://cspconlutas.org.br/n/20316/uma-resposta-a-demetrio-magnoli	"há 2 horas — Só assim poderá florescer uma Palestina laica, democrática e não racista, onde possam conviver palestinos, judeus que que aceitarem viver em paz ..."	0
199	google	Palestinos	"Em setembro de 2025, um motorista de 56 anos avançou ..."	https://www.instagram.com/reel/DX5dGswqMLO/	"... PALESTINA DO BRASIL Palestina Livre do Rio ao —. Accounts you ... palestinos a fecharem suas lojas para que colonos judeus passem nas ..."	0
200	google	Palestinas	"Palestinos – Wikipédia, a enciclopédia livre"	https://pt.wikipedia.org/wiki/Palestinos	"Palestinos ou palestinianos (em árabe: الشعب الفلسطيني, ash-sha`b al-filasTīni), também chamados de árabes palestinos/palestinianos (em árabe: الفلسطينيون, ..."	0
201	google	Palestinas	"Estado da Palestina – Wikipédia, a enciclopédia livre"	https://pt.wikipedia.org/wiki/Estado_da_Palestina	"Em 1993, com os Acordos de Oslo, o governo israelense reconheceu a equipe negociadora da OLP como ""representante do povo palestino"", com a condição de que a OLP ..."	0
202	google	Palestinas	"Enquanto o mundo ignora, terras palestinas estão ..."	https://www.msf.org.br/noticias/cisjordania-msf-alerta-que-enquanto-o-mundo-olha-para-o-outro-lado-terras-palestinas-estao-desaparecendo/	"31 de mar. de 2026 — Nossas casas estão sendo confiscadas e demolidas”, relata Sari Ahmad, em Masafer Yatta, no Território Palestino na Cisjordânia. “Os ataques dos ..."	0
203	google	Palestinas	"Estado Palestino"	https://www2.senado.leg.br/bdsf/bitstream/handle/id/92826/Aguiar%20Hugo.pdf?sequence=5&isAllowed=y	"Com o aval internacional dado pela. ONU à criação do Estado de Israel, teve iní- cio um período na Palestina com feição política nova, que seria tema para um ..."	0
204	google	Palestinas	Palestina	https://www.youtube.com/playlist?list=PLUZOt6bFc2fiItQbiVzi1bCYR0-MUzAVY	"Share your videos with friends, family, and the world."	0
205	google	Palestinas	"Vidas palestinas perdidas"	https://radis.ensp.fiocruz.br/reportagem/palestina/vidas-palestinas-perdidas/	"1 de set. de 2024 — Ataques de Israel à população civil tem provocado um cenário de morte e destruição em Gaza há quase um ano."	0
206	google	Palestinas	"Federação Árabe Palestina (@fepal_brasil)"	https://www.instagram.com/fepal_brasil/	"328K followers · 248 following · 4479 posts · @fepal_brasil: “Entidade representante da comunidade palestina no Brasil. ”"	0
207	google	Palestinas	"Mulheres palestinas descrevem “jornada de horror” ao voltar ..."	https://agenciabrasil.ebc.com.br/internacional/noticia/2026-02/mulheres-palestinas-descrevem-jornada-de-horror-ao-voltar-para-gaza	"4 de fev. de 2026 — Elas relataram ter sido vendadas, algemadas e interrogadas por forças israelenses."	0
208	google	Palestinas	"Territórios Palestinos - BBC News Brasil"	https://www.bbc.com/portuguese/topics/c8y94y3zv32t	"Khaled Bani Odeh é abraçado por uma mulher durante o funeral de seus pais e de · index image · Palestinos caminham em frente a um assentamento israelense em ..."	0
209	google	Palestinas	"Comunicado Conjunto sobre a Palestina - Portal Gov.br"	https://www.gov.br/mre/pt-br/centrais-de-conteudo/publicacoes/declaracoes/comunicado-conjunto-sobre-a-palestina	"23 de fev. de 2026 — Instamos o Governo de Israel a revertê-las imediatamente, a respeitar suas obrigações internacionais e a abster-se de ações que resultem em ..."	0
210	google	Palestinas	"A Questão Palestina - Roteiro de Estudos"	https://www.curso-objetivo.br/vestibular/roteiro_estudos/questao_palestina.aspx	"A Palestina foi conquistada pelos hebreus ou israelitas (mais tarde também conhecidos como judeus) por volta de 1200 a.C., depois que aquele povo se retirou do ..."	0
211	google	Palestinas	"Estado da Palestina — Ministério das Relações Exteriores"	https://www.gov.br/mre/pt-br/assuntos/relacoes-bilaterais/todos-os-paises/estado-da-palestina	"1 de jan. de 2016 — Em dezembro de 2010, o Brasil reconheceu o Estado da Palestina nas fronteiras de 1967, o que inclui a Faixa de Gaza e a Cisjordânia, tendo ..."	0
212	google	Palestinas	"Quem são os palestinos | Guga Chacra - O Globo"	https://blogs.oglobo.globo.com/guga-chacra/post/quem-sao-os-palestinos.html	"20 de mai. de 2021 — Os palestinos são os árabes levantinos de religião cristã e muçulmana cujas famílias habitavam o atual território de Israel, a Cisjordânia e ..."	0
213	google	Palestinas	"A morte de mulheres palestinas e o silêncio das feministas ..."	https://jornal.usp.br/artigos/a-morte-de-mulheres-palestinas-e-o-silencio-das-feministas-e-da-academia/	"7 de mar. de 2024 — O corpo feminino abusado, violado de diversas formas, quando foram submetidas a um bombardeio incessante, não podendo alimentar seus filhos, ..."	0
214	google	Palestinas	"Palestina mais perto do que nunca de ser reconhecida ..."	https://www.youtube.com/watch?v=jCndfr2UKsM	"Palestina mais perto do que nunca de ser reconhecida como um país na ONU? · Comments."	0
215	google	Palestinas	"Questão Palestina: o que é, causas, resumo - Brasil Escola"	https://brasilescola.uol.com.br/geografia/questao-palestina.htm	"Questão Palestina é o nome dado ao movimento do povo palestino em busca da criação de um Estado nacional da Palestina. Teve início há mais de sete décadas."	0
216	google	Palestinas	"“Seis meses de guerra, 10 mil mulheres palestinas em ..."	https://www.ihu.unisinos.br/categorias/638532-seis-meses-de-guerra-10-mil-mulheres-palestinas-em-gaza-foram-mortas-cerca-de-seis-mil-maes-19-mil-criancas-orfas	"17 de abr. de 2024 — “Seis meses de guerra, 10 mil mulheres palestinas em Gaza foram mortas, incluindo cerca de seis mil mães, deixando 19 mil crianças órfãs."	0
217	google	Palestinas	"notícias sobre o território palestino - Folha - UOL"	https://www1.folha.uol.com.br/folha-topicos/palestina/	"A Palestina é um território localizado no Oriente Médio, composto pela Faixa de Gaza e a Cisjordânia. A região luta pelo reconhecimento de um Estado ..."	0
218	google	Palestinas	"Candidatos ligados ao Fatah vencem maioria das disputas ..."	https://globoplay.globo.com/v/14561910/	"27 de abr. de 2026 — Jornal Hoje. Candidatos ligados ao Fatah vencem maioria das disputas em eleições palestinas · Detalhes · Trechos · Assista às íntegras."	0
219	google	Palestinas	"Mulheres palestinas sofrem ataques em centro de ..."	https://www.cnnbrasil.com.br/internacional/mulheres-palestinas-sofrem-ataques-em-centro-de-distribuicao-em-gaza/	"26 de jul. de 2025 — Mulheres palestina deslocadas enfrentaram intimidações e ataques ao tentarem receber ajuda de um centro de distribuição apoiado pelos EUA em ..."	0
220	google	Palestinas	"30 CURIOSIDADES SOBRE A PALESTINA - Países #86"	https://www.youtube.com/watch?v=wz2h-W6YhB8	"Olá! No vídeo de hoje vamos conhecer um pouco mais sobre a Palestina, uma nação parcialmente reconhecida e que possui muitos problemas, ..."	0
221	google	Palestinas	"Palestinas no Brasil usam redes contra genocídio e estereótipos"	https://agenciabrasil.ebc.com.br/direitos-humanos/noticia/2025-06/palestinas-no-brasil-usam-redes-contra-genocidio-e-estereotipos	"28 de jun. de 2025 — Desde 2023, ataques israelenses à Faixa de Gaza, parte ocidental do território palestino, deixaram 56 mil pessoas mortas, situação classificada ..."	0
222	google	Palestinas	"O Hamas é uma organização radical palestina que não ..."	https://www2.senado.leg.br/bdsf/bitstream/handle/id/348793/complemento_1.htm?sequence=2	"O Hamas é uma organização radical palestina que não reconhece a existência do Estado de Israel e controla a Faixa de Gaza desde 2007. Hamas é a abreviatura para ..."	0
223	google	Palestinas	"Palestina - MSF Brasil"	https://www.msf.org.br/o-que-fazemos/projetos-msf/palestina/	"Em 2024, as equipes de MSF ampliaram suas atividades na Palestina para prestar assistência às pessoas feridas e deslocadas pela guerra brutal de Israel em ..."	0
224	google	Palestinas	"Israel X Palestina: Entenda as origens e consequências do ..."	https://unifor.br/-/israel-x-palestina-entenda-as-origens-e-consequencias-do-conflito	"23 de out. de 2023 — “A Palestina tem vivido, desde a criação de Israel (1948), uma situação de conflito endêmico. Uma guerra teve início no dia seguinte à criação ..."	0
225	google	Palestinas	"O que é a Palestina?"	https://www.ihu.unisinos.br/categorias/640778-o-que-e-a-palestina	"27 de jun. de 2024 — Hoje, a Palestina é Gaza, uma região em ruínas governada por um grupo terrorista, e 165 “ilhas” na Cisjordânia com autogoverno limitado e ..."	0
226	google	Palestinas	"Notícias sobre Palestina"	https://www.gazetadopovo.com.br/tudo-sobre/palestina/	"Israel critica composição do conselho de Gaza, para o qual Lula foi convidado · Trump anunciou o Conselho da Paz em Gaza, com Milei, Erdogan e Al-."	0
227	google	Palestinas	"Crianças Palestinas. Em emocionante carta, Thiago Ávila ..."	https://www.esquerdadiario.com.br/Em-emocionante-carta-Thiago-Avila-deseja-a-sua-filha-um-mundo-em-que-as-criancas-vivam-sem	"há 18 horas — Thiago Ávila escreveu uma comovente carta a sua filha Teresa em meio a prisão sionista. Ele segue preso na prisão de Shikma, na Palestina ..."	0
228	google	Palestinas	"Palestina: capitais, mapa, bandeira, história - Mundo Educação"	https://mundoeducacao.uol.com.br/geografia/palestina.htm	"A Palestina é uma região localizada no Oriente Médio. Historicamente foi ocupada por diversos povos, como árabes e judeus, além de cristãos."	0
229	google	Palestinas	"Israel quer inviabilizar o Estado palestino"	https://www.estadao.com.br/opiniao/israel-quer-inviabilizar-o-estado-palestino/?srsltid=AfmBOoq_v3fmsLzKi1NDY4EYosGrjr9ujIdj8ZJm62-31zBGctnXqE63	"há 3 dias — Limpeza étnica na Cisjordânia é desumana e contraproducente: quanto mais Israel sabota as aspirações nacionais dos palestinos, ..."	0
230	google	Palestinas	"Quase 150 crianças palestinas já foram mortas em Gaza, ..."	https://brasil.un.org/pt-br/68238-quase-150-crian%C3%A7as-palestinas-j%C3%A1-foram-mortas-em-gaza-alerta-unicef	"22 de jul. de 2014 — Durante as últimas 24 horas, pelo menos 18 crianças palestinas foram mortas pelas forças de Israel em Gaza, todas com 13 anos de idade ou menos."	0
231	google	Palestinas	"Jornal Hoje: Palestinians vote in Gaza after 20 years."	https://www.youtube.com/watch?v=rEP8rH_7Mlg	"Olá! Esse é o canal do g1, o portal de notícias da globo. Aqui vamos trazer vídeos pra informar, inspirar e divertir. Quer entender um fato?"	0
232	google	Palestinas	"Relatório Mundial 2024: Israel e Palestina"	https://www.hrw.org/pt/world-report/2024/country-chapters/israel-and-palestine	"Em 2023, civis foram perseguidos, atacados e assassinados em uma escala sem precedentes na história recente de Israel e da Palestina. Em 7 de outubro, ..."	0
233	google	Palestinas	"Palestina — Ministério das Relações Exteriores - Portal Gov.br"	https://www.gov.br/mre/pt-br/assuntos/portal-consular/reparticoes-consulares-do-brasil/regiao/palestina/palestina	"14 de dez. de 2021 — Repartições Consulares na Palestina · Publicações · Discursos, artigos e entrevistas · Declarações e outros documentos · Resenhas de Política ..."	0
234	google	Palestinas	"Notícias sobre Palestina | VEJA"	https://veja.abril.com.br/noticias-sobre/palestina/	"Acompanhe em VEJA as últimas e principais notícias sobre Palestina. Entrevistas, análises e opinião e muito mais."	0
235	google	Palestinas	"Ativistas brasileiros da Global Sumud Flotilla chegaram ao ..."	https://www.instagram.com/reel/DX9a1D7Cak0/	"A flotilha estava a mais de 1.200 km da Palestina e ainda não há notícias dos ativistas sequestrados. Todo apoio e solidariedade à Flotilha!"	0
236	google	Palestinas	Palestina	https://oglobo.globo.com/tudo-sobre/pais/palestina/	"A Palestina é uma região localizada no Oriente Médio. Historicamente foi ocupada por diversos povos, como árabes e judeus, além de cristãos."	0
237	google	Palestinas	"Palestina: capitais, mapa, bandeira, história - Brasil Escola"	https://brasilescola.uol.com.br/geografia/palestina.htm	"A Palestina é um território do Oriente Médio dividido entre a Faixa de Gaza e a Cisjordânia. Seu povo luta até os dias atuais pelo reconhecimento de um Estado ..."	0
238	google	Palestinas	"O que significa o reconhecimento do Estado da Palestina"	https://www.cnnbrasil.com.br/internacional/o-que-significa-o-reconhecimento-do-estado-da-palestina-entenda/	"22 de set. de 2025 — Os países que estão se mobilizando para reconhecer um estado palestino dizem que a medida tem como objetivo pressionar Israel a encerrar seu ..."	0
239	google	Palestinas	"Sem Hamas, aliados de Abbas vencem eleições na Palestina"	https://operamundi.uol.com.br/oriente-medio/sem-hamas-na-disputa-fatah-obtem-maioria-em-eleicao-historica-na-palestina/	"26 de abr. de 2026 — Sem o Hamas na disputa, os partidos aliados de Mahmoud Abbas, presidente da Autoridade Nacional Palestina (ANP), obtiveram a maioria dos ..."	0
240	google	Palestinas	"Notícias sobre palestina"	https://www.brasil247.com/tag/palestina	"Amputados de Gaza enfrentam falta de próteses sob bloqueio israelense · Israel ataca jornalistas palestinos · Ativista brasileiro pró-Palestina sofre tortura ..."	0
241	google	Palestinas	"As crianças palestinas e o medo de não acordar"	https://brasil.elpais.com/brasil/2021-05-25/as-criancas-palestinas-e-o-medo-de-nao-acordar.html	"25 de mai. de 2021 — Nos últimos 12 dias, 43 meninos e 23 meninas de Gaza perderam a vida, junto com outras duas crianças de Israel. Os menores palestinos não têm ..."	0
242	google	Palestinas	"Refugiada palestina fabrica bonecas para crianças de Gaza"	https://www.correiobraziliense.com.br/mundo/2026/05/7412167-refugiada-palestina-fabrica-bonecas-para-criancas-da-faixa-de-gaza.html	"há 19 horas — A palestina Shereen ElKurdi, 36 anos, com graduação em língua árabe, viu a guerra arrancar o teto de sua família. Forçada a abandonar a casa ..."	0
243	google	Palestinas	"Palestina: Últimas Notícias"	https://gauchazh.clicrbs.com.br/ultimas-noticias/tag/palestina/	"Governo do país asiático negou vistos e afirmou que ""não manterá qualquer contato com Israel até que Israel reconheça a existência de uma Palestina livre e ..."	0
244	google	Palestinas	"Brasil deverá receber sete palestinos que vivem em Gaza"	https://www.youtube.com/watch?v=RPI89Ki-4zg	"The uploader has not made this video available in your country. Brasil deverá receber sete palestinos que vivem em Gaza | BandNews TV."	0
245	google	Palestinas	Palestina	https://pt.euronews.com/tag/palestina	"Ataques israelitas matam pelo menos 30 pessoas em Gaza. Os ataques atingiram locais no norte e no sul de Gaza, incluindo um edifício de apartamentos na cidade ..."	0
246	google	Palestinas	"Como surgiu rivalidade entre Hamas e Fatah e como ela ..."	https://www.bbc.com/portuguese/articles/c845d489kdyo	"17 de out. de 2023 — A rivalidade entre as principais facções políticas palestinas atingiu um ponto de ruptura em junho de 2007, quando o Hamas e a Fatah ..."	0
247	google	Palestinas	"Palestina: onde fica, capital, demografia e conflito com Israel"	https://aprovatotal.com.br/palestina/	"O contexto palestino e sua existência são marcados por uma história de dominação e resistência; aprenda sobre seu território, seu clima, sua economia e ..."	0
248	google	Palestinas	"Não satisfeitos com o infanticídio de mais ..."	https://www.instagram.com/reel/DX7UKwFKGbT/	"Não satisfeitos com o infanticídio de mais de 20.000 crianças palestinas em Gaza, os sionistas também precisam difamar sua memória: acusam ..."	0
249	google	Palestinas	"Eleições Palestinas: Gaza Vota pela 1ª Vez em 2 Décadas ..."	https://valenoticia.jor.br/urgente/eleicoes-palestinas-gaza-vota-pela-1a-vez-em-2-decadas-mas-baixa-participacao-e-boicotes-levantam-questoes-sobre-futuro-da-democracia	"26 de abr. de 2026 — A Autoridade Palestina, baseada na Cisjordânia, vê a inclusão de Deir al-Balah, em Gaza, como um passo crucial para reafirmar sua autoridade ..."	0
250	google	Palestinas	"Palestina - Notícias, vídeos e tudo sobre - Band"	https://www.band.com.br/tudo-sobre/palestina	"Últimas notícias sobre Palestina · Palestinos vão às urnas na Faixa de Gaza pela primeira vez em 20 anos · ONU condena lei de Israel que prevê pena de morte ..."	0
251	google	Palestinas	"Palestina, uma história milenar que o sionismo tenta ..."	https://ihu.unisinos.br/categorias/650005-palestina-uma-historia-milenar-que-o-sionismo-tenta-apagar-artigo-de-francisco-f-ladeira	"29 de mar. de 2025 — A Palestina tem múltiplos “começos” e a ideia evoluiu desses “começos” para um conceito geopolítico e uma política territorial distinta."	0
252	google	Palestinas	"Palestinos e israelenses pedem reconhecimento da ..."	https://exame.com/mundo/palestinos-e-israelenses-pedem-reconhecimento-da-palestina/	"17 de nov. de 2014 — 100 representantes cristãos palestinos e quase 700 membros da sociedade civil israelense pediram à Europa avanço no reconhecimento do Estado ..."	0
253	google	Palestinas	"Protesto de crianças palestinas termina com uso de gás ..."	https://www.dailymotion.com/video/xa5fowa	"13 de abr. de 2026 — Imagens registradas na Agence France-Presse mostram forças israelenses disparando gás lacrimogêneo contra crianças palestinas durante um ..."	0
254	google	Palestinas	"Palestina - Agência Brasil - EBC"	https://agenciabrasil.ebc.com.br/tags/palestina	"Direitos Humanos Ativista brasileiro é deportado da Argentina por ordem de Milei. ter, 31/03/2026 - 21:11. Israel""s far-right National Security Minister ..."	0
255	google	Palestinas	"Autoridade Nacional Palestiniana"	https://pt.wikipedia.org/wiki/Autoridade_Nacional_Palestiniana	"A Autoridade Nacional Palestiniana ou Palestina (ANP ou AP; em árabe: السلطة الوطنية الفلسطينية, transl. As-Sulta Al-Wataniyya Al-Filastiniyya; em hebraico: ..."	0
256	google	Palestinas	"ONU classifica como 'desumano' e 'cruel' confinamento ..."	https://brasil.un.org/pt-br/60125-onu-classifica-como-desumano-e-cruel-confinamento-solit%C3%A1rio-de-crian%C3%A7as-palestinas-por-israel	"20 de jul. de 2012 — ... palestinas. O Especialista, em seu relatório (acesse aqui), pediu ao governo israelense que trate as crianças palestinas detidas de acordo ..."	0
257	google	Palestinas	"Notícias sobre a Palestina"	https://www.estadao.com.br/tudo-sobre/palestina-asia/?srsltid=AfmBOoqarTCe8Xx-q_ikhvKwyv66O2mkBFakBoQNsKA9Y06lCT4Z5Fgf	"A Palestina é uma região historicamente associada a um povo e um território no Oriente Médio. Ela tem sido o centro de um longo e complexo conflito com Israel, ..."	0
258	google	Palestinas	"Palestinos votam em Gaza pela primeira vez em 20 anos"	https://www.youtube.com/watch?v=pUJGAb5rWGQ	"Os palestinos votaram neste sábado (25) em eleições locais que incluíram Gaza pela primeira vez em duas décadas. A Autoridade Palestina ..."	0
259	google	Palestinas	"Israel x Palestina: conflito ultrapassa fronteiras e desafia ..."	https://unifor.br/-/israel-x-palestina-conflito-ultrapassa-fronteiras-e-desafia-cenario-global	"6 de jan. de 2025 — Ao longo do século, os conflitos entre Israel e Palestina têm resultado em centenas de mortes e deslocamentos forçados. Os ataques em Gaza e em ..."	0
260	google	Palestinas	"Em meio à devastação na Faixa de Gaza, a artesã ..."	https://www.facebook.com/correiobraziliense/videos/em-meio-%C3%A0-devasta%C3%A7%C3%A3o-na-faixa-de-gaza-a-artes%C3%A3-shereen-elkurdi-de-36-anos-dedica/1871684150166827/	"... palestinas. ➡️ Acesse o site do Correio para ler mais notícias 📽️ Rodrigo Craveiro/CB/DA Press #CBReels | Correio Braziliense | Facebook ..."	0
261	google	Palestinas	"Bebês palestinas se despedem do pai, assassinado a tiros ..."	https://www.instagram.com/p/DXegEGWgBZI/	"israel” mata mãe palestina grávida com tiro na nuca enquanto preparava comida para os filhos em Gaza."	0
262	google	Palestinas	"Mulheres palestinas são detidas arbitrariamente pelas ..."	https://www.brasildefato.com.br/2020/11/03/mulheres-palestinas-sao-detidas-arbitrariamente-pelas-forcas-de-ocupacao-isralelenses/	"3 de nov. de 2020 — Organizações feministas e movimentos palestinos denunciaram nessa terça-feira (03) a prisão de duas militantes palestinas."	0
263	google	Palestinas	Palestina	https://www.cnnbrasil.com.br/tudo-sobre/palestina/	"Muçulmanos palestinos entram na Mesquita de Al‑Aqsa, reaberta após 40 dias fechada devido · Internacional · Mesquita de Al-Aqsa reabre em Jerusalém após ..."	0
264	google	Palestinas	Palestina	https://pt.wikivoyage.org/wiki/Palestina	"Os territórios palestinos, também conhecidos como Palestina ou Estado da Palestina, consistem em duas entidades fisicamente separadas, a Cisjordânia e a Faixa ..."	0
265	google	Palestinas	"ONU confirma 121 crianças palestinas mortas em Gaza em ..."	https://www.gazetadopovo.com.br/mundo/onu-confirma-121-criancas-palestinas-mortas-em-gaza-em-ataques-israelenses-eb6mdekm4gkk8ole4s6y108cu/	"22 de jul. de 2014 — Até hoje morreram 586 palestinos, a grande maioria civis. Dos menores mortos pelos ataques israelenses, 84 eram meninos e 37 meninas, com idades ..."	0
266	google	Palestinas	"Em meio à devastação na Faixa de Gaza, a artesã ..."	https://www.instagram.com/reel/DX72gAvNWF1/	"De dentro de uma das milhares de barracas do campo de refugiados de Bureij, a palestina Shereen Elkurdi cria bonecas. ""Decidi criar bonecas para ..."	0
267	google	Palestinas	"Israel ordena retirada de famílias palestinas no sul da ..."	https://www.youtube.com/watch?v=TTPxZr_bYMI	"As forças israelenses ordenaram que dezenas de famílias palestinas deixem suas casas no sul da Faixa de Gaza, marcando a primeira retirada ..."	0
268	google	Palestinas	"Israel e Palestina: o contexto histórico - Superinteressante"	https://super.abril.com.br/historia/israel-e-palestina-o-contexto-historico/	"17 de nov. de 2023 — Há cinco mil anos, Canaã (área onde hoje ficam Israel e os territórios palestinos) estava bem no meio dos quatro primeiros impérios da ..."	0
269	google	Palestinas	"Palestina pede ação internacional contra expansionismo ..."	https://www.brasil247.com/mundo/palestina-pede-acao-internacional-contra-expansionismo-do-estado-sionista	"17 de dez. de 2025 — Autoridades alertam para violações do direito internacional e cobram intervenção para conter colonização na Cisjordânia e em Jerusalém ..."	0
270	google	Palestinas	"Israel & Palestina - BBC News Brasil"	https://www.bbc.com/portuguese/topics/c5qvpqydjk0t	"Israel &amp; Palestina · Cessar-fogo entre Líbano e Israel é prorrogado por três semanas, diz Trump · Nova lei em Israel prevê pena de morte a palestinos envolvidos ..."	0
271	google	Palestinas	"Palestina em EL PAÍS Brasil"	https://brasil.elpais.com/noticias/palestina/	"Todas as notícias sobre Palestina publicadas em EL PAÍS Brasil. Informações, notícias e último minuto sobre Palestina."	0
272	google	Palestinas	"Correio Braziliense"	https://www.facebook.com/correiobraziliense/posts/%EF%B8%8Fshereen-elkurdi-transformou-o-passatempo-do-croch%C3%AA-em-of%C3%ADcio-para-suprir-aus%C3%AAnc/1377081434466509/	"... crochê em ofício para suprir ausência de brinquedos na Faixa de Gaza. Ela denuncia que crianças palestinas..."	0
273	google	Palestinas	"Entenda a tensão histórica entre as facções palestinas ..."	https://oglobo.globo.com/mundo/entenda-tensao-historica-entre-as-faccoes-palestinas-fatah-hamas-21940568	"12 de out. de 2017 — Grupos se alternam no controle da Faixa de Gaza, marcado por acordos fracassados e mediação externa."	0
274	google	Palestinas	"Qual o futuro da população palestina em Gaza? diplomata ..."	https://www.youtube.com/watch?v=Ge0jAIwqVz4	"Durante participação no Canal Livre, o diplomata e ex-embaixador, Rubens Barbosa, falou sobre o futuro da população palestina em Gaza."	0
